{
  "dataset": "dtd",
  "seed": 44,
  "k": 4,
  "backbone": "vit_base_patch16_224.augreg_in21k",
  "warmup_steps": 300,
  "fisher_batches": 200,
  "scores": [
    1573.8088042161253,
    1739.6049399954172,
    1962.195391988138,
    2183.997948326556,
    2145.8289646227713,
    1688.1768631737577,
    1983.8255685206386,
    1966.5398082568063,
    1630.1162302152297,
    1288.9221555938166,
    978.4902304958705,
    1053.3972386875575
  ],
  "score_share": [
    0.07793098659873997,
    0.08614078717993212,
    0.09716289703519637,
    0.10814599231288793,
    0.10625596186602643,
    0.08359420035512152,
    0.09823396805282374,
    0.09737802141695479,
    0.08071918631473492,
    0.06382412842354816,
    0.04845233349533346,
    0.052161536948700606
  ],
  "selected": [
    3,
    4,
    6,
    7
  ],
  "minutes": 1.7
}