{
  "dataset": "flowers",
  "seed": 44,
  "k": 4,
  "backbone": "vit_base_patch16_224.augreg_in21k",
  "warmup_steps": 300,
  "fisher_batches": 200,
  "scores": [
    0.480204029623106,
    0.677482532341478,
    0.614492842179472,
    0.6350985372069897,
    0.6485520774582489,
    0.7090269736753869,
    0.8859850701808845,
    0.8237818094829861,
    0.8972107271477585,
    0.8959691983934955,
    1.1628077035759619,
    0.2129476557288533
  ],
  "score_share": [
    0.05555628426913823,
    0.07838004229926966,
    0.07109257089797394,
    0.07347650726645971,
    0.07503298880455068,
    0.08202951594328148,
    0.10250234354720872,
    0.0953058565945439,
    0.10380107440136038,
    0.10365743811314705,
    0.1345288072257808,
    0.02463657063728543
  ],
  "selected": [
    6,
    8,
    9,
    10
  ],
  "minutes": 2.0
}