{
  "dataset": "flowers",
  "seed": 42,
  "k": 4,
  "backbone": "vit_base_patch16_224.augreg_in21k",
  "warmup_steps": 300,
  "fisher_batches": 200,
  "scores": [
    0.011795328711612658,
    0.006525697007994922,
    0.004070080461285136,
    0.0039045604957852315,
    0.003967260497119585,
    0.004106566872481257,
    0.004904864514986535,
    0.005685317916950486,
    0.007156714294253639,
    0.004161830903440805,
    0.0060393560605472504,
    0.0020737584545567414
  ],
  "score_share": [
    0.18318192181355425,
    0.101344332856158,
    0.06320851067931577,
    0.06063797906293656,
    0.061611712565660545,
    0.06377514608951887,
    0.07617274007851703,
    0.08829321230553787,
    0.1111440562907957,
    0.06463339867796662,
    0.09379143869031928,
    0.03220555088971942
  ],
  "selected": [
    0,
    1,
    8,
    10
  ],
  "minutes": 2.0
}