{
  "dataset": "dtd",
  "seed": 43,
  "k": 4,
  "backbone": "vit_base_patch16_224.augreg_in21k",
  "warmup_steps": 300,
  "fisher_batches": 200,
  "scores": [
    1216.4194185910383,
    1267.6402702759515,
    1533.5458964406862,
    1637.6447889088595,
    1572.1098278310164,
    1167.7550201696977,
    1225.1062770955323,
    1186.865729085759,
    920.2391633594343,
    708.5271736667146,
    537.6333566600479,
    617.7721548062655
  ],
  "score_share": [
    0.08950012737666788,
    0.09326878864602763,
    0.11283324729260362,
    0.12049250033746471,
    0.11567065412681664,
    0.08591956150370296,
    0.09013927776408594,
    0.08732566441204609,
    0.06770816141118978,
    0.05213109173022916,
    0.03955728852039743,
    0.04545363687876817
  ],
  "selected": [
    1,
    2,
    3,
    4
  ],
  "minutes": 1.7
}