{
  "dataset": "cifar100",
  "seed": 44,
  "k": 4,
  "backbone": "vit_base_patch16_224.augreg_in21k",
  "warmup_steps": 300,
  "fisher_batches": 200,
  "scores": [
    67667.35414886475,
    57928.72511291504,
    56652.57553100586,
    69996.86349487305,
    63539.090881347656,
    51671.56150054932,
    52400.305892944336,
    48579.35884857178,
    38767.798919677734,
    36224.51071166992,
    31605.779487609863,
    27254.413940429688
  ],
  "score_share": [
    0.11235043056073332,
    0.09618105052478336,
    0.09406221557415154,
    0.11621819488093285,
    0.10549613336812783,
    0.08579206702187162,
    0.08700202634840566,
    0.08065797682874196,
    0.06436750712811487,
    0.06014479842605596,
    0.05247616045144474,
    0.04525143888663629
  ],
  "selected": [
    0,
    1,
    3,
    4
  ],
  "minutes": 1.5
}