{
  "dataset": "cifar100",
  "seed": 43,
  "k": 4,
  "backbone": "vit_base_patch16_224.augreg_in21k",
  "warmup_steps": 300,
  "fisher_batches": 200,
  "scores": [
    67627.75416564941,
    57310.06034851074,
    51735.228675842285,
    63332.7080078125,
    56807.76528930664,
    46740.39221191406,
    47347.323486328125,
    43439.591651916504,
    34357.86257171631,
    31819.46363067627,
    27440.1141166687,
    23612.223762512207
  ],
  "score_share": [
    0.12260945001031076,
    0.10390342051248781,
    0.09379622334589717,
    0.11482251025934136,
    0.10299275710643917,
    0.08474056033757636,
    0.08584092971503181,
    0.078756192732174,
    0.06229097336471524,
    0.05768884363399353,
    0.049749061484786423,
    0.04280907749724638
  ],
  "selected": [
    0,
    1,
    3,
    4
  ],
  "minutes": 1.5
}