{
  "dataset": "cifar100",
  "seed": 42,
  "k": 4,
  "backbone": "vit_base_patch16_224.augreg_in21k",
  "warmup_steps": 300,
  "fisher_batches": 200,
  "scores": [
    76577.97222137451,
    63128.63345336914,
    54637.92076873779,
    69149.85437011719,
    60734.34460449219,
    49995.21517944336,
    51134.27520751953,
    46740.31433105469,
    36896.864727020264,
    34754.29341506958,
    30868.890563964844,
    26122.2625579834
  ],
  "score_share": [
    0.12747255878740366,
    0.1050846373391815,
    0.09095090095987682,
    0.11510762978749646,
    0.10109907703784325,
    0.08322260071900477,
    0.08511869292645542,
    0.07780445594828721,
    0.06141893839117839,
    0.05785238994916304,
    0.051384704412669416,
    0.04348341374144007
  ],
  "selected": [
    0,
    1,
    3,
    4
  ],
  "minutes": 1.5
}