{
  "dataset": "flowers",
  "seed": 43,
  "k": 4,
  "backbone": "vit_base_patch16_224.augreg_in21k",
  "warmup_steps": 300,
  "fisher_batches": 200,
  "scores": [
    3.5940360643005684,
    2.508949030830822,
    2.91875847669812,
    2.813988588816115,
    2.587862439010335,
    2.8982240632689225,
    3.523383102295561,
    3.5033263507164016,
    3.1461929205857997,
    2.7981381374242282,
    2.3511724076893112,
    2.0118005282329126
  ],
  "score_share": [
    0.10370652918984677,
    0.07239615608930473,
    0.08422127818038835,
    0.08119812503404768,
    0.07467321606377987,
    0.0836287541467972,
    0.1016678258114077,
    0.10108908479270777,
    0.09078393820155438,
    0.08074075753118015,
    0.06784348447428441,
    0.05805085048470105
  ],
  "selected": [
    0,
    6,
    7,
    8
  ],
  "minutes": 2.0
}