{
  "dataset": "dtd",
  "seed": 42,
  "k": 4,
  "backbone": "vit_base_patch16_224.augreg_in21k",
  "warmup_steps": 300,
  "fisher_batches": 200,
  "scores": [
    1393.7209293492342,
    1161.3796298575762,
    1425.6462240226683,
    1631.1376684084826,
    1509.2475743144605,
    1292.262543743971,
    1455.6613587669854,
    1459.2947541241301,
    1331.85722661225,
    980.2298354118975,
    882.607451906777,
    927.7794161211204
  ],
  "score_share": [
    0.09020365995282222,
    0.0751661907357041,
    0.09226991178557667,
    0.10556961905283228,
    0.09768071362869656,
    0.08363712462872921,
    0.09421253526987686,
    0.09444769393928357,
    0.0861997504989296,
    0.0634419107061781,
    0.05712364705665998,
    0.06004724274471086
  ],
  "selected": [
    3,
    4,
    6,
    7
  ],
  "minutes": 1.7
}